{"cameraMode":{"drawMode":0,"name":"Shaded","section":"Shading Mode"},"sceneLighting":true,"audioPlay":false,"sceneViewState":{"m_AlwaysRefresh":false,"showFog":true,"showSkybox":true,"showFlares":true,"showImageEffects":true,"showParticleSystems":true,"showVisualEffectGraphs":true,"m_FxEnabled":true},"in2DMode":false,"pivot":{"x":-6.637832164764404,"y":3.742635726928711,"z":-1.5929794311523438},"rotation":{"x":0.050945159047842029,"y":-0.03594598546624184,"z":0.001828826847486198,"w":0.9980599284172058},"size":40.50210189819336,"orthographic":false}