{"cameraMode":{"drawMode":0,"name":"Shaded","section":"Shading Mode"},"sceneLighting":false,"audioPlay":false,"sceneViewState":{"m_AlwaysRefresh":false,"showFog":true,"showSkybox":false,"showFlares":true,"showImageEffects":true,"showParticleSystems":true,"showVisualEffectGraphs":true,"m_FxEnabled":true},"in2DMode":false,"pivot":{"x":-0.5083803534507752,"y":2.4099881649017336,"z":21.657562255859376},"rotation":{"x":-0.0005982161965221167,"y":-0.9944779276847839,"z":0.10480576753616333,"w":-0.005672292783856392},"size":12.187949180603028,"orthographic":true}