{"cameraMode":{"drawMode":0,"name":"Shaded","section":"Shading Mode"},"sceneLighting":false,"audioPlay":false,"sceneViewState":{"m_AlwaysRefresh":false,"showFog":true,"showSkybox":false,"showFlares":true,"showImageEffects":true,"showParticleSystems":true,"showVisualEffectGraphs":true,"m_FxEnabled":true},"in2DMode":false,"pivot":{"x":0.44121578335762026,"y":3.5680007934570314,"z":44.06624221801758},"rotation":{"x":0.6778318881988525,"y":0.028646904975175859,"z":-0.02644963003695011,"w":0.7342018485069275},"size":4.177280426025391,"orthographic":false}